customer_id,sale_id,names,genders,emails,phones,addres,regions
1,446,Noreen Kilpin,M,nkilpin0@facebook.com,+995-961-236-2923,65 Anthes Plaza,Utah
2,243,Garey Showalter,F,gshowalter1@nih.gov,+507-528-454-5754,03341 Gerald Lane,Nevada
3,126,Aura Giampietro,M,agiampietro2@yelp.com,+62-132-407-5431,1456 Lindbergh Point,Colorado
4,129,Farrel Downey,F,fdowney3@weather.com,+372-148-563-4369,1 Starling Hill,Texas
5,221,Filia Syce,M,fsyce4@vk.com,+57-865-817-7636,60 Messerschmidt Crossing,California
6,269,Florie Regardsoe,F,fregardsoe5@statcounter.com,+351-624-695-7752,036 Emmet Drive,
7,287,Berrie Dornan,M,bdornan6@fastcompany.com,+62-642-480-1707,703 Moose Avenue,Nevada
8,341,Deanna Jira,F,djira7@upenn.edu,+269-198-185-2074,8953 Truax Street,Oklahoma
9,385,Stanislas Heigho,M,sheigho8@zdnet.com,+62-301-819-3336,3760 Larry Circle,Nevada
10,186,Edgar Ricciardelli,F,ericciardelli9@printfriendly.com,+351-387-433-5753,15 Lakewood Lane,Oklahoma
11,194,Casey Trounson,M,ctrounsona@myspace.com,+353-951-161-4562,2660 Dawn Way,Utah
12,227,Rhona Gerram,F,rgerramb@sourceforge.net,+86-382-356-2302,11105 Tony Parkway,Utah
13,348,Emmy Hunn,M,ehunnc@t.co,+92-114-919-6749,54 Mallory Plaza,California
14,68,Norma Pinkstone,M,npinkstoned@yelp.com,+62-412-250-2694,27739 Mifflin Avenue,Texas
15,402,Tiffani Gratrex,F,tgratrexe@msu.edu,+55-265-630-0661,4665 Norway Maple Parkway,California
16,4,Cortney Duval,M,cduvalf@youtube.com,+55-312-274-8042,4787 Garrison Road,Oklahoma
17,103,Orville Caberas,F,ocaberasg@oaic.gov.au,+351-837-610-9137,025 Sherman Park,California
18,59,Francene Hallowes,F,fhallowesh@howstuffworks.com,+291-180-571-2420,0 Mayer Street,Colorado
19,316,Casey Reboulet,F,crebouleti@va.gov,+381-681-541-9165,38574 Stoughton Crossing,Nevada
20,499,Eric Dicte,M,edictej@sourceforge.net,+52-454-213-6611,986 Green Point,Oklahoma
21,470,Kerri Galvin,F,kgalvink@ovh.net,+46-145-149-9829,192 Acker Park,Colorado
22,27,Gaelan Splevins,M,gsplevinsl@businessinsider.com,+48-104-153-6990,98 Wayridge Terrace,California
23,477,Twyla Neilands,M,tneilandsm@ftc.gov,+44-331-236-5782,12794 Mifflin Avenue,Colorado
24,175,Teddi Tippetts,M,ttippettsn@globo.com,+62-127-932-6301,2 Muir Court,Oklahoma
25,370,Idaline Brane,M,ibraneo@ehow.com,+380-839-900-0938,49 Barby Street,Nevada
26,279,Johnnie Hyett,M,jhyettp@dailymail.co.uk,+380-847-732-7823,4345 Forster Road,Oklahoma
27,96,Fanchon Seilmann,F,fseilmannq@posterous.com,+30-528-922-3537,1 Mallard Parkway,Oklahoma
28,473,Lezlie Caudray,M,lcaudrayr@businessinsider.com,+86-149-396-8836,12785 Prairieview Street,Nevada
29,179,Vittorio Tobias,F,vtobiass@edublogs.org,+595-526-965-9424,85758 Buena Vista Park,Utah
30,378,Archy Skitt,F,askittt@businessinsider.com,+54-487-515-8145,76 Oriole Road,California
31,466,Tore Kenton,M,tkentonu@cmu.edu,+86-471-984-9005,0267 Autumn Leaf Plaza,
32,176,Torrey Laffranconi,M,tlaffranconiv@ucsd.edu,+976-192-563-2094,17459 Trailsway Park,Arizona
33,276,Arney Lummis,M,alummisw@yandex.ru,+62-240-829-1334,6 Scoville Plaza,New Mexico
34,35,Courtnay Jiggens,M,cjiggensx@tmall.com,+385-727-216-5558,308 Bowman Trail,Oklahoma
35,393,Crysta Ventam,M,cventamy@themeforest.net,+963-320-686-5416,57155 Kropf Parkway,
36,78,Corbin Seary,M,csearyz@163.com,+7-706-306-1890,4 Independence Point,California
37,80,Mile Ewer,M,mewer10@mlb.com,+381-239-487-7571,53604 Eggendart Lane,Oklahoma
38,172,Riane Vennard,F,,+63-965-948-9035,978 Crescent Oaks Alley,Texas
39,41,Marietta Barbie,F,mbarbie12@nasa.gov,+30-908-192-1199,7756 Sommers Road,Colorado
40,253,Frederic Theunissen,F,ftheunissen13@pen.io,+48-229-279-5870,48441 Briar Crest Circle,New Mexico
41,429,Kienan Onele,F,,+380-488-404-9142,8156 Stoughton Road,New Mexico
42,64,Ralf Snodin,F,rsnodin15@auda.org.au,+81-411-110-3517,6 Oriole Crossing,
43,205,Andrew Skypp,M,askypp16@freewebs.com,+86-508-791-8070,1 Kedzie Park,Oklahoma
44,232,Lisa Spur,F,lspur17@tripod.com,+86-334-971-6825,80 Kedzie Terrace,Oklahoma
45,472,Cherrita Sisley,F,csisley18@hexun.com,+352-676-684-2242,16 Forest Run Pass,Texas
46,46,Halsy Margach,M,hmargach19@nps.gov,+30-858-396-8827,0718 Judy Hill,Arizona
47,286,Bran McQuilkin,F,bmcquilkin1a@deviantart.com,+420-849-541-5842,45480 Havey Parkway,Oklahoma
48,142,Barney Hamblett,F,bhamblett1b@vinaora.com,+20-458-281-6725,0108 Fulton Pass,Arizona
49,456,Hamilton Madders,F,hmadders1c@wikipedia.org,+351-345-278-9580,7 Badeau Alley,Texas
50,251,Petronella Forsythe,F,pforsythe1d@netvibes.com,+57-476-391-6712,8952 Nobel Trail,Colorado
51,178,Bobine Paffett,M,bpaffett1e@abc.net.au,+66-428-463-7829,36 Melby Park,Arizona
52,71,Fawn Rate,F,frate1f@apache.org,+84-892-606-8295,82693 Forest Run Drive,Oklahoma
53,153,Malvin Koppelmann,M,,+86-421-707-2633,1 Melvin Street,New Mexico
54,149,Cleopatra Swansbury,M,cswansbury1h@ed.gov,+7-366-437-4563,7729 Fallview Hill,Texas
55,359,Roby Mowne,M,rmowne1i@storify.com,+7-577-482-5899,0087 Dennis Street,Utah
56,161,Rori Yansons,M,ryansons1j@bloglines.com,+263-762-347-3151,4204 Doe Crossing Drive,Nevada
57,304,Ainslee Spaldin,M,aspaldin1k@over-blog.com,+86-290-932-6063,25 Tony Alley,Arizona
58,1,Wilie Cottee,M,wcottee1l@drupal.org,+81-113-682-2319,85 Hudson Crossing,New Mexico
59,70,Hestia Lamasna,M,hlamasna1m@marriott.com,+86-546-129-1956,8869 Northwestern Plaza,Oklahoma
60,238,Kiley Vergine,M,kvergine1n@exblog.jp,+55-313-571-7705,36125 Pepper Wood Park,Texas
61,290,Obidiah Planks,M,oplanks1o@ucoz.com,+1-420-322-1547,5220 Lake View Hill,Nevada
62,226,Gertrud Playle,M,gplayle1p@over-blog.com,+7-871-300-3453,48 Longview Road,Oklahoma
63,487,Dannye Woolley,F,,+63-949-896-0829,45 Forest Run Avenue,Arizona
64,371,Darcie Peele,M,dpeele1r@ucla.edu,+86-748-464-5088,8 Holmberg Court,Nevada
65,105,Guthrey Beddingham,M,gbeddingham1s@networksolutions.com,+93-989-483-4433,45 Weeping Birch Plaza,New Mexico
66,305,Henka Hatchman,M,hhatchman1t@opensource.org,+7-832-884-3687,1 Monument Terrace,Oklahoma
67,63,Joline Ogers,M,jogers1u@nifty.com,+235-948-259-2532,561 Nobel Center,Nevada
68,373,Jeddy Lutz,M,,+86-906-478-2468,1 Mesta Junction,Nevada
69,265,Lisabeth Wilne,M,lwilne1w@mysql.com,+86-662-899-0931,1498 Green Court,Texas
70,436,Ruthie Bowkett,F,rbowkett1x@merriam-webster.com,+7-248-287-3444,966 Buhler Way,Arizona
71,215,Heywood Stilly,F,hstilly1y@livejournal.com,+352-315-127-1103,6006 Debra Junction,Oklahoma
72,342,Nannette Fisbey,F,nfisbey1z@diigo.com,+242-388-287-0094,943 Toban Crossing,Nevada
73,436,Brande Langham,F,blangham20@wordpress.com,+1-561-855-6235,0516 Marcy Avenue,California
74,162,Sheila Bugg,M,sbugg21@businessweek.com,+33-970-502-3604,92 Beilfuss Crossing,Nevada
75,472,Wadsworth Nayer,F,wnayer22@zdnet.com,+1-216-368-1998,5343 Fremont Crossing,Arizona
76,312,Sandro Cockney,F,scockney23@woothemes.com,+86-435-784-1355,06 Rowland Way,Texas
77,80,Coletta Ellerby,M,cellerby24@phpbb.com,+63-119-442-2673,164 Shelley Center,Texas
78,327,Barnabas Sire,F,bsire25@eepurl.com,+86-713-293-2544,1 Kensington Avenue,Texas
79,417,Sacha Shutte,M,sshutte26@twitter.com,+86-992-985-4098,61271 Center Pass,California
80,401,Delora Lipgens,M,dlipgens27@microsoft.com,+504-554-765-3440,58174 Harbort Crossing,Oklahoma
81,93,Archy Rentelll,F,arentelll28@cyberchimps.com,+63-291-873-9697,21 Northwestern Crossing,California
82,6,Liana Swayte,F,lswayte29@accuweather.com,+62-107-710-2945,44 Troy Avenue,Nevada
83,289,Allayne Lambert-Ciorwyn,F,alambertciorwyn2a@aboutads.info,+48-686-715-2462,587 Lindbergh Terrace,Texas
84,234,Dario Gruby,M,dgruby2b@blogtalkradio.com,+86-290-312-7800,2 Sycamore Trail,California
85,488,Isaac Seary,F,iseary2c@google.ca,+63-313-848-1063,2898 Mifflin Park,New Mexico
86,124,Franz Beldam,M,fbeldam2d@webmd.com,+507-220-553-7066,6 Porter Hill,Arizona
87,277,Nari Graben,M,ngraben2e@unicef.org,+48-809-959-7748,5762 Mallory Circle,Utah
88,468,Ardys Shotbolt,M,ashotbolt2f@archive.org,+55-921-458-2049,795 Grim Road,Texas
89,70,Batholomew Laden,M,bladen2g@geocities.jp,+55-581-192-3641,82 Bellgrove Trail,Oklahoma
90,320,Lissy Murby,M,lmurby2h@nba.com,+31-521-942-5833,08792 Fuller Park,Oklahoma
91,26,Debbi Riddlesden,M,driddlesden2i@usnews.com,+92-340-811-2436,3 Stoughton Park,Oklahoma
92,300,Augie Sponder,M,asponder2j@cdc.gov,+86-928-998-9625,5 Troy Plaza,Utah
93,89,Tull Bremen,F,tbremen2k@barnesandnoble.com,+86-113-620-0759,2442 School Avenue,California
94,452,Perl Garbott,M,pgarbott2l@miibeian.gov.cn,+62-725-436-8203,8632 Green Terrace,New Mexico
95,91,Matti Duligal,M,mduligal2m@scribd.com,+996-244-238-6563,65 Shoshone Point,New Mexico
96,491,Cherri Twigley,M,ctwigley2n@netvibes.com,+62-364-366-8614,9 Derek Center,Utah
97,11,Norrie Wroath,M,,+84-840-893-3781,09226 Scott Parkway,
98,456,Scarlet Seymer,M,sseymer2p@chronoengine.com,+351-961-950-9813,1 Bultman Circle,Oklahoma
99,1,Keven Jelf,M,kjelf2q@nymag.com,+55-833-386-7471,513 Kensington Circle,Nevada
100,282,Codee Tatham,M,ctatham2r@tiny.cc,+60-727-114-7927,324 Morning Drive,Texas
101,140,Faunie Guiett,F,fguiett2s@drupal.org,+63-210-540-7087,7 Waywood Crossing,California
102,44,Biron Burkin,M,bburkin2t@guardian.co.uk,+81-496-665-6926,2369 Swallow Court,California
103,478,Marthe Burril,M,mburril2u@histats.com,+351-209-292-2580,89960 Lakewood Terrace,Nevada
104,492,Ricki Tander,M,rtander2v@github.io,+7-982-291-3646,825 3rd Place,Oklahoma
105,71,Antons Jullian,M,ajullian2w@issuu.com,+7-333-768-7410,31 Acker Road,New Mexico
106,215,Emerson Sibery,M,esibery2x@illinois.edu,+1-360-357-9391,1 Buena Vista Way,Arizona
107,409,Kirsten Bernollet,M,kbernollet2y@shinystat.com,+86-994-842-5579,13296 Tony Terrace,Oklahoma
108,119,Gustavus Dallicoat,F,gdallicoat2z@ovh.net,+234-863-860-1870,074 Saint Paul Drive,Nevada
109,88,Derrick Polley,F,dpolley30@nydailynews.com,+975-772-437-0219,84835 Lindbergh Plaza,California
110,200,Salvatore Scotfurth,M,sscotfurth31@xrea.com,+86-619-492-1121,76998 Swallow Pass,Oklahoma
111,351,Imelda Brimham,M,ibrimham32@bluehost.com,+55-184-422-3936,5 Waxwing Alley,New Mexico
112,398,Ceciley Marking,F,cmarking33@vinaora.com,+86-635-867-0906,262 Kim Circle,Nevada
113,460,Rolland Macrow,F,rmacrow34@blog.com,+86-560-546-8815,9415 Dwight Parkway,New Mexico
114,5,Nial Vermer,F,,+86-671-570-6338,1 5th Court,Nevada
115,427,Britte Yakovitch,F,byakovitch36@miibeian.gov.cn,+86-426-649-5487,9 Bartillon Alley,Arizona
116,261,Efrem Sarath,M,esarath37@merriam-webster.com,+62-397-636-6190,6381 Washington Lane,Colorado
117,368,Claudie Tarzey,F,ctarzey38@trellian.com,+86-365-595-6829,9 Artisan Junction,Arizona
118,333,Omero Stirrip,M,,+62-339-533-9567,2471 Texas Parkway,Texas
119,283,Zeb Jordine,M,zjordine3a@zdnet.com,+81-452-974-1393,228 Pleasure Junction,Nevada
120,415,Minny Ferrao,M,,+1-425-730-4284,71 Chive Place,Texas
121,157,Morgan Graser,M,mgraser3c@uol.com.br,+7-217-809-1311,2 Everett Avenue,New Mexico
122,468,Ianthe Stickel,M,istickel3d@infoseek.co.jp,+62-348-768-7626,77815 Huxley Drive,Colorado
123,359,Marge Haquin,M,mhaquin3e@nba.com,+33-262-809-5167,199 Carpenter Street,Texas
124,371,Ulric Asprey,F,uasprey3f@facebook.com,+86-437-298-7431,65346 Sutteridge Circle,Oklahoma
125,75,Jesse Keeffe,F,jkeeffe3g@cam.ac.uk,+81-936-502-4802,21 Hollow Ridge Terrace,Nevada
126,290,Almire Southers,F,asouthers3h@cafepress.com,+44-799-267-7783,80 Golf Center,Colorado
127,14,Yehudi Corris,F,ycorris3i@huffingtonpost.com,+92-891-229-0780,57 Bay Plaza,Colorado
128,458,Alexina Duddan,M,,+86-979-106-0787,79820 6th Road,Oklahoma
129,76,Corbin Sifflett,M,csifflett3k@fotki.com,+86-234-559-5446,9745 Macpherson Junction,Nevada
130,125,Rustie Midden,M,rmidden3l@so-net.ne.jp,+1-212-120-5266,7 Muir Crossing,California
131,56,Roz Dakin,M,rdakin3m@godaddy.com,+86-956-268-5917,23 Prentice Pass,New Mexico
132,86,Norina Lambal,F,nlambal3n@360.cn,+374-904-891-9616,2 Ludington Point,Nevada
133,62,Braden Stobbe,M,bstobbe3o@edublogs.org,+63-414-636-1492,208 Waxwing Street,Arizona
134,448,Gates Lytle,F,glytle3p@photobucket.com,+86-285-690-5605,0603 Spaight Parkway,Arizona
135,317,Joyous Barth,F,jbarth3q@unc.edu,+359-985-621-8598,10 Barnett Street,Arizona
136,133,Angelico Kwietak,F,akwietak3r@prlog.org,+30-959-951-8748,376 Kim Street,Arizona
137,245,Wat Kellog,M,wkellog3s@eventbrite.com,+33-653-230-1633,5 1st Road,Arizona
138,16,Tybi Leefe,M,tleefe3t@jalbum.net,+237-593-742-5500,0685 Grayhawk Plaza,Texas
139,297,Linette Davoren,M,ldavoren3u@blogtalkradio.com,+237-527-131-7662,603 Mallard Trail,California
140,126,Dulsea Bax,M,dbax3v@foxnews.com,+81-258-865-8500,0146 Continental Avenue,Utah
141,365,Ramona Lardner,M,rlardner3w@elpais.com,+62-253-184-8617,8437 Old Gate Crossing,New Mexico
142,30,Vick Ollerton,F,vollerton3x@mozilla.com,+63-623-251-1957,4 Macpherson Alley,
143,326,Stanislas Scriviner,M,sscriviner3y@cargocollective.com,+27-999-230-2685,1 Prairieview Lane,Nevada
144,340,Kerk Driscoll,F,kdriscoll3z@mtv.com,+86-738-176-5047,1 Katie Point,Oklahoma
145,15,Kate Cregeen,F,kcregeen40@miitbeian.gov.cn,+86-357-488-6263,88428 Gerald Court,New Mexico
146,36,Isacco Streak,M,istreak41@amazon.co.uk,+86-123-489-0950,11369 Oriole Junction,Nevada
147,131,Eba Kindread,F,ekindread42@bluehost.com,+48-483-140-7085,0655 International Circle,Arizona
148,144,Ilse Feragh,M,iferagh43@liveinternet.ru,+381-185-610-1114,366 Waxwing Road,Texas
149,39,Kattie Dossett,F,,+27-607-368-4049,455 Valley Edge Circle,New Mexico
150,228,Port Mauro,F,pmauro45@trellian.com,+880-272-493-2951,08662 Twin Pines Court,Oklahoma
151,297,Nannette Ciciari,F,nciciari46@mac.com,+46-619-331-9701,820 Namekagon Place,Utah
152,307,Malia Dumbellow,F,mdumbellow47@ifeng.com,+216-706-421-1486,4799 Talmadge Street,Utah
153,39,Adan Carillo,F,acarillo48@live.com,+46-563-610-2333,5812 North Road,Texas
154,347,Lenci Digance,M,ldigance49@admin.ch,+86-205-464-4913,785 Donald Place,New Mexico
155,399,Brice Eglington,M,beglington4a@moonfruit.com,+86-825-358-4199,362 Artisan Court,Nevada
156,240,Smith Goatcher,M,sgoatcher4b@mysql.com,+86-933-326-4450,9202 Shelley Point,California
157,301,Amelina Tailby,M,atailby4c@nymag.com,+353-958-185-9162,93925 Crescent Oaks Center,Colorado
158,453,Anissa Coda,M,acoda4d@yolasite.com,+62-135-994-6162,8 Bartillon Center,Colorado
159,330,Shaina Hardisty,F,shardisty4e@twitpic.com,+351-791-463-1516,13735 Fisk Avenue,California
160,300,Lindon Eslinger,M,leslinger4f@webeden.co.uk,+998-325-924-4357,40 Caliangt Place,Texas
161,278,Talyah Skeat,M,tskeat4g@baidu.com,+351-496-954-9930,30 Autumn Leaf Center,Colorado
162,162,Evvie Jennins,F,ejennins4h@hubpages.com,+86-516-180-2679,377 Dovetail Pass,Texas
163,271,Murry Pactat,M,mpactat4i@squidoo.com,+420-841-490-2723,2850 Corben Way,Nevada
164,489,Cristal MacGowing,F,cmacgowing4j@rakuten.co.jp,+63-341-347-1894,65673 Westend Park,Nevada
165,414,Shirlee Sancias,F,ssancias4k@abc.net.au,+82-349-384-6657,7138 Banding Crossing,Oklahoma
166,230,Maurine Mobbs,F,mmobbs4l@mac.com,+86-576-119-9251,4 Dwight Drive,Colorado
167,173,Shaun Awty,M,sawty4m@desdev.cn,+62-922-565-7391,82 Mayfield Drive,Utah
168,247,Ambrosio Gault,F,agault4n@cam.ac.uk,+55-576-490-9504,2 Boyd Way,Arizona
169,7,Selie Antrack,M,santrack4o@chronoengine.com,+66-300-133-9427,8351 Mccormick Terrace,Colorado
170,68,Goran Moulton,F,gmoulton4p@barnesandnoble.com,+420-592-357-6113,48965 Stang Lane,Colorado
171,133,Karil Edgars,M,kedgars4q@boston.com,+84-372-826-5460,19331 Dixon Park,Texas
172,62,Justine Shepstone,F,jshepstone4r@theguardian.com,+48-219-710-8216,1 Center Drive,California
173,5,Errol Benns,M,ebenns4s@ucoz.ru,+33-428-210-8335,77 Bellgrove Street,California
174,325,Loralee Graalman,M,lgraalman4t@webmd.com,+30-842-508-8219,5661 6th Way,Nevada
175,149,Mahala Grancher,F,mgrancher4u@virginia.edu,+46-513-718-1340,113 Merchant Hill,Texas
176,279,Terence Franzoli,M,,+62-460-329-9252,03 Graceland Court,Texas
177,300,Fidelio Venners,F,fvenners4w@utexas.edu,+228-104-833-0419,726 Waywood Terrace,Texas
178,484,Lynnelle Growy,M,lgrowy4x@t-online.de,+355-208-222-3344,2384 Fulton Lane,Colorado
179,400,Carce Crottagh,M,ccrottagh4y@paypal.com,+86-775-775-7013,8344 Namekagon Crossing,Texas
180,387,Freedman Freddi,F,ffreddi4z@homestead.com,+63-286-777-5511,81 Manitowish Plaza,Oklahoma
181,228,Curr Sarsons,M,csarsons50@instagram.com,+7-759-294-5137,11 Arkansas Terrace,Colorado
182,139,Godfree Howgate,F,ghowgate51@shareasale.com,+505-563-961-0704,4 Sachtjen Alley,California
183,460,Sibylla Fitzer,M,,+7-137-721-5771,98 East Trail,Nevada
184,486,Arlen Peye,F,apeye53@youtube.com,+66-578-311-8971,4299 Mallard Center,California
185,54,Maurise Hanniger,F,mhanniger54@reddit.com,+62-559-190-2894,29 Towne Crossing,Utah
186,443,Lionel Weond,M,lweond55@blog.com,+95-425-752-6055,1278 Larry Alley,Utah
187,395,Starlene Dodsley,M,,+63-643-596-3516,85133 Tennyson Plaza,Arizona
188,127,Roanne Wannes,M,rwannes57@freewebs.com,+48-718-489-2847,73477 Elka Road,Colorado
189,187,Tania Rowthorne,F,trowthorne58@fc2.com,+996-573-532-0186,772 Coleman Park,California
190,229,Aryn Lampert,F,alampert59@google.com.hk,+81-243-662-4323,178 Randy Alley,Texas
191,473,Retha De Domenici,M,rde5a@people.com.cn,+86-602-671-5250,595 Debra Drive,Texas
192,441,Giralda Casolla,M,gcasolla5b@msn.com,+234-380-407-7927,2442 Waywood Center,Texas
193,115,Allison Chancelier,F,achancelier5c@cmu.edu,+86-567-910-7128,396 Eastlawn Drive,
194,259,Vera Bulman,M,vbulman5d@google.de,+62-596-939-1029,2 Granby Street,Utah
195,94,Mella Kristoffersen,F,mkristoffersen5e@nytimes.com,+63-646-686-7588,5776 Sachs Point,Utah
196,215,Solly Venditto,F,svenditto5f@vkontakte.ru,+1-612-637-9106,6168 Shoshone Park,Utah
197,350,Candie Cardoo,M,ccardoo5g@marketwatch.com,+56-714-670-6709,224 Dorton Avenue,Oklahoma
198,169,Oralia Coker,F,ocoker5h@imgur.com,+62-672-530-1810,88543 Duke Court,Utah
199,407,Findlay Lagen,F,,+263-668-296-5982,79888 Corben Trail,Oklahoma
200,419,Riva Dowle,F,rdowle5j@linkedin.com,+86-745-328-4428,3085 Portage Way,New Mexico
201,78,Job Klawi,F,jklawi5k@telegraph.co.uk,+56-708-894-6661,057 Marcy Road,Utah
202,369,Anderea Fulloway,F,afulloway5l@bravesites.com,+54-748-858-8364,7693 Muir Street,New Mexico
203,319,Annice Pennicott,F,apennicott5m@1und1.de,+54-812-441-8008,13397 Johnson Park,New Mexico
204,498,Al Andrick,F,aandrick5n@google.cn,+46-973-423-8875,71087 Pine View Court,Texas
205,224,Coretta McConaghy,F,cmcconaghy5o@ifeng.com,+33-850-898-3257,59 Hallows Plaza,Nevada
206,324,Chloe Golsthorp,M,cgolsthorp5p@businessinsider.com,+86-592-246-8592,8194 Lindbergh Terrace,New Mexico
207,272,Pepito Chater,M,pchater5q@t.co,+54-500-454-7676,5 Rockefeller Junction,California
208,248,Leandra Beining,M,lbeining5r@netscape.com,+92-909-258-4770,67062 Steensland Way,Oklahoma
209,410,Briggs Morman,F,bmorman5s@oracle.com,+967-380-545-2497,8407 Southridge Hill,California
210,85,Gale Besque,F,gbesque5t@sciencedaily.com,+54-987-474-2156,967 Mockingbird Drive,California
211,208,Brandy Jagger,M,,+7-718-288-2295,536 Ridgeway Circle,Arizona
212,175,Melvin Unworth,M,munworth5v@umich.edu,+27-469-415-7301,06113 Southridge Way,Texas
213,459,Salomon Kinnier,F,skinnier5w@is.gd,+86-575-640-7021,6775 Chinook Way,Nevada
214,121,Lane Baile,M,lbaile5x@photobucket.com,+64-950-940-8572,0 Boyd Street,California
215,307,Carmelia McKennan,M,cmckennan5y@1688.com,+46-594-641-5211,0 Annamark Place,New Mexico
216,383,Darrelle Gierth,M,dgierth5z@chronoengine.com,+55-629-880-1117,54 Schiller Circle,Nevada
217,488,Dominic Cudd,M,dcudd60@goodreads.com,+46-125-402-1704,6 Oneill Way,Colorado
218,315,Ulrick Upjohn,F,uupjohn61@prnewswire.com,+265-160-222-3082,2 Elka Street,Utah
219,486,Mercy Kemble,M,mkemble62@chronoengine.com,+86-997-422-1177,02901 Buhler Court,Oklahoma
220,494,Felice Yvon,M,fyvon63@bloglovin.com,+261-607-721-8694,999 Dexter Parkway,California
221,468,Zackariah Matuszewski,F,zmatuszewski64@mac.com,+86-789-449-2080,05 Lukken Street,California
222,354,Silva Shevlin,F,sshevlin65@simplemachines.org,+234-107-293-3643,1465 School Court,Utah
223,408,Monty Renton,M,mrenton66@cbc.ca,+62-139-754-7840,408 Waywood Plaza,Colorado
224,154,Aleen Orleton,F,aorleton67@goodreads.com,+56-489-503-4251,39 Monterey Crossing,California
225,169,Vincenty Buntin,F,vbuntin68@ca.gov,+44-341-337-5208,856 Golden Leaf Road,Nevada
226,444,Anthia Ayscough,F,,+86-567-569-2617,81 Pawling Park,Nevada
227,383,Bertine Erbain,F,berbain6a@indiatimes.com,+351-175-762-1489,33050 Saint Paul Park,Nevada
228,390,Baxie Meadows,F,bmeadows6b@slashdot.org,+375-417-652-3834,302 Donald Lane,Nevada
229,354,Curcio Howieson,M,chowieson6c@technorati.com,+66-323-386-2704,729 Ohio Circle,Colorado
230,291,Michelle Stuckow,M,,+212-599-711-3479,0 Sunfield Way,Colorado
231,80,Burnard Plover,M,bplover6e@google.co.uk,+33-322-403-9371,8130 Coleman Street,Utah
232,208,Adriano Jarrad,M,ajarrad6f@webmd.com,+48-387-139-6284,5064 Bashford Street,Texas
233,447,Daphne Camplejohn,F,dcamplejohn6g@accuweather.com,+48-269-712-4340,078 Manitowish Crossing,New Mexico
234,52,Victoir McIntee,F,,+51-243-392-1730,4 Anderson Circle,California
235,63,Guillermo Yurevich,M,gyurevich6i@gmpg.org,+7-238-748-6585,9854 Continental Terrace,Colorado
236,190,Devin Capelow,F,dcapelow6j@shutterfly.com,+82-703-749-0930,24 Prairieview Trail,Oklahoma
237,307,Malissia Fermor,F,mfermor6k@house.gov,+1-770-683-4227,19255 Ludington Center,Utah
238,383,Rustie Duetschens,F,rduetschens6l@hc360.com,+389-610-415-5408,9 Clove Park,Oklahoma
239,372,Padraic Allmen,F,pallmen6m@si.edu,+7-708-306-9187,22549 Dennis Park,New Mexico
240,44,Catha Mawman,M,cmawman6n@alibaba.com,+48-724-285-0477,95559 Anzinger Plaza,Oklahoma
241,141,Gwendolen Connechy,F,gconnechy6o@deliciousdays.com,+380-501-654-2887,6 Westridge Park,Texas
242,328,Clarence Rojahn,M,crojahn6p@jugem.jp,+353-963-114-3110,5 Caliangt Hill,Oklahoma
243,185,Delcine Philott,F,dphilott6q@posterous.com,+66-256-301-7988,2 Lakewood Gardens Center,New Mexico
244,318,Tierney Pilley,M,tpilley6r@bloglines.com,+385-507-707-1622,8 Barby Hill,New Mexico
245,230,Emelyne Raddenbury,M,eraddenbury6s@rediff.com,+62-505-237-7444,0 Marcy Center,Nevada
246,339,Barnabas MacShane,M,bmacshane6t@nydailynews.com,+63-144-209-7466,6 Jenifer Street,Colorado
247,210,Malinde Elverstone,M,melverstone6u@bluehost.com,+48-793-446-5395,430 Goodland Lane,California
248,436,Orv Shotter,F,oshotter6v@netvibes.com,+86-316-311-9605,84422 Kedzie Way,Utah
249,246,Waldo Urian,M,wurian6w@netscape.com,+86-494-726-2004,89 Everett Crossing,Oklahoma
250,124,Gaston Cowoppe,F,gcowoppe6x@com.com,+48-389-452-8680,3 Brown Drive,
251,174,Katrina Baldcock,F,kbaldcock6y@bing.com,+98-804-511-7765,84458 Valley Edge Place,Arizona
252,222,Englebert Petchell,F,epetchell6z@uiuc.edu,+223-772-746-2997,3441 Melrose Terrace,Nevada
253,201,Benny Jahner,F,bjahner70@creativecommons.org,+33-658-891-9476,005 Surrey Lane,California
254,178,Worth Diglin,F,wdiglin71@shop-pro.jp,+86-289-998-6761,3 Stoughton Way,Texas
255,172,Cherlyn Reddick,M,creddick72@bloomberg.com,+86-969-527-3657,77 Loftsgordon Drive,Oklahoma
256,245,Easter Loughney,F,eloughney73@hp.com,+7-470-604-4702,9278 Huxley Lane,California
257,195,Bryce Innot,F,binnot74@archive.org,+86-908-487-8760,812 Coolidge Way,Oklahoma
258,395,Candy Osipenko,M,cosipenko75@boston.com,+86-817-444-2615,30 Kim Place,Nevada
259,125,Danna McBrearty,F,dmcbrearty76@china.com.cn,+86-865-156-4763,4442 Portage Parkway,Oklahoma
260,269,Shayne Trewman,M,strewman77@instagram.com,+86-229-416-7722,30055 Morrow Junction,New Mexico
261,88,Cristobal Hilley,F,chilley78@china.com.cn,+63-766-151-4551,19014 Birchwood Hill,Nevada
262,450,Venus Anfonsi,F,vanfonsi79@hc360.com,+256-155-678-0144,0486 Fairfield Lane,Colorado
263,113,Gleda MacAlaster,F,gmacalaster7a@disqus.com,+86-998-716-2193,110 Service Park,New Mexico
264,482,Kenneth Gull,M,kgull7b@engadget.com,+93-775-804-0980,468 Shopko Point,Texas
265,352,Cornie McCarrick,M,cmccarrick7c@harvard.edu,+33-205-210-8941,553 Oxford Way,Arizona
266,289,Thaddeus Tremblay,F,ttremblay7d@shop-pro.jp,+62-121-372-6532,00287 Bay Place,Nevada
267,411,Ulick Robertot,F,urobertot7e@seattletimes.com,+86-733-522-0299,9 Talisman Street,Colorado
268,500,Bennett Ackerley,M,backerley7f@ebay.com,+7-540-401-2569,9 Transport Way,Colorado
269,120,Belva Vearnals,M,bvearnals7g@flavors.me,+976-984-298-1177,597 Maywood Avenue,Utah
270,118,Meagan Cobb,F,mcobb7h@pinterest.com,+46-428-248-1914,7 Lawn Drive,California
271,13,Bendicty McMeekin,F,bmcmeekin7i@ox.ac.uk,+49-416-450-9926,8 Dryden Way,
272,126,Burgess Birchner,F,bbirchner7j@apache.org,+86-187-984-4520,40 Harbort Parkway,Arizona
273,73,Biddie Matyukon,M,bmatyukon7k@exblog.jp,+56-431-758-4336,74 Mesta Place,California
274,307,Kaylee Renachowski,F,krenachowski7l@dagondesign.com,+970-296-896-2367,938 Dennis Park,California
275,223,Giacomo Sollner,M,gsollner7m@desdev.cn,+380-307-919-6530,6426 Norway Maple Way,Nevada
276,447,Ammamaria Duester,F,aduester7n@ustream.tv,+63-278-435-2055,36 Delladonna Hill,Oklahoma
277,307,Rowney Darco,M,rdarco7o@shareasale.com,+62-590-379-7516,19558 Coleman Court,
278,50,Shepperd McWhinnie,F,smcwhinnie7p@yahoo.com,+62-427-511-2102,7 Elka Point,Utah
279,353,Glenine Froude,M,gfroude7q@icio.us,+86-120-935-3581,3162 Darwin Way,California
280,277,Tripp Tilford,F,,+354-795-967-8477,1 Debs Crossing,New Mexico
281,321,Riki Seals,F,rseals7s@bravesites.com,+381-943-132-1458,5673 Hintze Hill,New Mexico
282,111,Nestor Emor,M,nemor7t@bloglovin.com,+86-392-722-5350,07103 Scott Lane,New Mexico
283,320,Ranee Rigg,F,rrigg7u@imgur.com,+1-252-350-1681,59547 Nova Parkway,Nevada
284,34,Karlotta Elmar,M,kelmar7v@salon.com,+86-687-604-5227,64 Parkside Crossing,Texas
285,116,Zacherie Banger,F,zbanger7w@aboutads.info,+62-395-474-2407,41794 Corben Drive,Texas
286,73,Laurens Gard,M,lgard7x@goo.gl,+63-885-466-8887,47 Becker Pass,Arizona
287,340,Warden Costley,F,wcostley7y@businessweek.com,+86-792-476-3575,64 Clyde Gallagher Terrace,Colorado
288,231,Una Cawkwell,F,ucawkwell7z@naver.com,+7-134-743-4554,50033 Golf Parkway,California
289,78,Linnell Tomczykowski,M,ltomczykowski80@over-blog.com,+48-842-882-7290,549 Briar Crest Point,New Mexico
290,396,Fawn Adriano,M,fadriano81@dion.ne.jp,+993-241-405-9477,68 Lakewood Gardens Crossing,Utah
291,232,Melisa Glassopp,F,mglassopp82@state.gov,+970-910-358-2676,005 Fairfield Drive,Colorado
292,3,Stearne Cornilli,F,scornilli83@google.ca,+55-171-884-1617,9739 Main Drive,New Mexico
293,223,Wanda Caldeyroux,F,wcaldeyroux84@tripadvisor.com,+996-354-215-2250,689 Glacier Hill Junction,Utah
294,215,Gilburt Witling,F,gwitling85@livejournal.com,+92-434-751-4599,83896 Sunfield Park,Utah
295,264,Monte Munkton,F,mmunkton86@tripadvisor.com,+86-225-607-4737,93 Carioca Pass,Colorado
296,373,Cecilia Wraight,M,cwraight87@ed.gov,+63-252-900-9259,83 Esch Parkway,Colorado
297,188,Franzen Chaffen,F,fchaffen88@fc2.com,+95-389-620-2752,568 Fuller Terrace,Oklahoma
298,265,Raynell McDonnell,M,rmcdonnell89@elegantthemes.com,+63-774-703-9042,5 Hooker Lane,Arizona
299,57,Laverne Yacob,F,lyacob8a@cbslocal.com,+63-515-969-8785,718 Norway Maple Park,Oklahoma
300,286,Dawn Woolner,M,dwoolner8b@gmpg.org,+60-625-162-0234,2522 Hooker Place,Texas
301,462,Chlo Addis,F,caddis8c@w3.org,+504-314-668-0079,4 School Drive,Colorado
302,420,Roddie Longland,F,rlongland8d@delicious.com,+66-412-890-6470,72260 Memorial Point,New Mexico
303,365,Egon Wennam,M,ewennam8e@jugem.jp,+86-976-408-8834,52 Corscot Road,California
304,11,Nevsa Patterson,F,npatterson8f@plala.or.jp,+7-970-820-2317,92 Glendale Point,Utah
305,458,Kerk MacSwayde,F,kmacswayde8g@dropbox.com,+86-794-801-3335,9973 Michigan Way,Texas
306,261,Shina Godspede,F,sgodspede8h@auda.org.au,+62-999-767-5275,24963 Heath Terrace,Utah
307,26,Morlee Rosenfrucht,M,mrosenfrucht8i@sciencedaily.com,+62-558-114-9531,347 Kim Street,California
308,440,Durward Toffanelli,M,dtoffanelli8j@noaa.gov,+62-825-741-5190,0 Waxwing Street,California
309,174,Mathilde Doick,F,mdoick8k@answers.com,+685-327-359-7888,69 Reinke Point,Nevada
310,22,Jori Baggaley,F,jbaggaley8l@vimeo.com,+251-468-784-9120,5387 Westerfield Place,Colorado
311,366,Peri Snar,F,psnar8m@blog.com,+55-296-762-9645,642 David Place,California
312,143,Edyth Allmen,F,eallmen8n@e-recht24.de,+86-184-225-4833,9 Meadow Valley Road,New Mexico
313,240,Ruddy Pohling,M,rpohling8o@bbb.org,+33-993-353-4925,4194 Randy Circle,California
314,253,Worth Legion,F,wlegion8p@mashable.com,+62-501-462-6231,8114 Caliangt Circle,Colorado
315,494,Cornie Baxill,M,cbaxill8q@constantcontact.com,+970-797-913-4913,890 6th Way,Colorado
316,69,Almeta Rich,F,arich8r@cyberchimps.com,+46-898-705-3814,28 Truax Crossing,Arizona
317,173,Sholom Cushworth,M,scushworth8s@bing.com,+380-651-157-8348,34 Lighthouse Bay Pass,Utah
318,246,Dorey Buckenham,M,dbuckenham8t@rediff.com,+351-563-442-7972,33461 Merry Pass,Texas
319,276,Marcellina Sporner,M,msporner8u@elegantthemes.com,+82-823-971-6459,3 Pine View Road,
320,425,Melvyn Drakeford,F,mdrakeford8v@barnesandnoble.com,+374-771-942-8259,141 Myrtle Alley,Nevada
321,383,Netti Cardoe,F,ncardoe8w@canalblog.com,+62-839-985-7615,76 Carberry Hill,Arizona
322,459,Donella Lenglet,F,dlenglet8x@cnbc.com,+1-709-267-8025,9424 Nelson Circle,Colorado
323,451,Shayna Limerick,M,slimerick8y@hubpages.com,+48-405-322-7479,538 Bayside Circle,Utah
324,3,Portie Hatrick,M,phatrick8z@dion.ne.jp,+976-797-638-5853,3 Browning Way,Colorado
325,374,Berton Allewell,M,,+86-230-583-7561,09133 Marcy Pass,Arizona
326,29,Hermione Truelock,F,htruelock91@google.es,+86-470-879-0851,0486 Corben Circle,New Mexico
327,337,Alard Garza,F,agarza92@technorati.com,+7-825-617-0085,28 Charing Cross Point,Oklahoma
328,447,Alejoa Danielut,F,adanielut93@mozilla.com,+51-913-117-2679,80454 Hayes Way,Arizona
329,418,Brunhilde Fullalove,M,bfullalove94@macromedia.com,+48-613-938-8774,59584 Buhler Plaza,Arizona
330,221,Gunner Latehouse,F,glatehouse95@discovery.com,+86-993-311-1037,33480 Marcy Plaza,Arizona
331,255,Pegeen Mayling,F,,+420-125-206-9382,561 Gale Drive,Utah
332,89,Mario Menlow,M,mmenlow97@wufoo.com,+46-451-230-3058,26 Delaware Crossing,New Mexico
333,423,Carlee Palleske,F,cpalleske98@dedecms.com,+62-567-606-4206,87 Sundown Junction,California
334,49,Arlie Crix,F,acrix99@examiner.com,+33-648-781-1712,38 Redwing Pass,Texas
335,450,Alexina Mapledoram,M,amapledoram9a@wikimedia.org,+62-899-541-5241,11 Prentice Terrace,Utah
336,401,Robinet Grice,F,rgrice9b@meetup.com,+86-271-202-4584,963 2nd Parkway,Colorado
337,103,Raye Glasby,M,rglasby9c@upenn.edu,+55-375-130-5877,42 Luster Lane,New Mexico
338,251,Sutherland MacBain,M,smacbain9d@thetimes.co.uk,+52-421-436-1996,25578 Glendale Lane,Oklahoma
339,433,Kenton Cubbino,F,kcubbino9e@gnu.org,+57-450-361-4493,8825 Fulton Crossing,Utah
340,306,Walt Destouche,M,wdestouche9f@naver.com,+84-649-816-2024,36351 Gale Plaza,California
341,117,Clint Maylin,M,cmaylin9g@usatoday.com,+55-220-228-8973,4095 Mayer Parkway,Colorado
342,173,Jamison Iacabucci,F,jiacabucci9h@mapquest.com,+7-262-699-4775,652 Granby Road,California
343,73,Monah Fenech,F,mfenech9i@yolasite.com,+351-933-381-4820,8 Merrick Park,Arizona
344,276,Callida Stopps,F,cstopps9j@nydailynews.com,+269-595-333-5926,45 Caliangt Crossing,Colorado
345,127,Rasia Ladloe,M,rladloe9k@mit.edu,+420-831-964-6180,310 Bluejay Junction,Arizona
346,8,Juline Stringman,F,jstringman9l@about.me,+81-895-652-9072,8 Anthes Terrace,New Mexico
347,167,Alleyn Hanrahan,M,ahanrahan9m@squidoo.com,+7-586-287-1770,2225 Sundown Street,California
348,99,Georgy Haslam,M,,+46-308-214-1811,1479 Dahle Center,California
349,469,Stillmann Pellington,M,spellington9o@independent.co.uk,+92-402-251-8593,9 Sachs Alley,New Mexico
350,461,Letti Terrell,M,lterrell9p@ustream.tv,+351-897-945-2317,8 Forest Dale Road,Nevada
